timestamp_ms ,valid_samples ,distance_cm,95
0,95.34,7,95
100,59.83,7,95
210,58.28,7,95
321,78.72,7,95
440,86.08,7,95
561,85.19,7,95
681,71.84,7,95
798,59.79,7,95
909,58.66,7,95
1019,57.82,7,95
1130,65.91,7,95
1246,93.37,7,95
1371,93.43,7,95
1496,86.51,7,95
1616,90.55,7,95
1739,94.59,7,95
1865,95.1,7,95
1990,97.22,7,95
2117,99.83,7,95
2245,100.82,7,95
2523,96.65,7,95
2650,96.12,7,95
2776,94.96,7,95
2902,94.8,7,95
3026,94.76,7,95
3152,78.17,7,95
3271,77.54,7,95
3389,70.28,7,95
3505,74.96,7,95
3622,71.3,7,95
3738,74.19,7,95
3856,86.44,7,95
3977,93.8,7,95
4102,93.7,7,95
4228,93.47,7,95
4353,93.61,7,95
4477,93.8,7,95
4602,93.8,7,95
4728,93.91,7,95
4853,94.19,7,95
4978,94.35,7,95
5104,93.91,7,95
5229,93.87,7,95
5355,93.46,7,95
5480,93.2,7,95
5605,92.76,7,95
5730,92.82,7,95
5855,92.73,7,95
5979,92.72,7,95
6104,92.72,7,95
6228,92.62,7,95
6353,92.42,7,95
6478,92.18,7,95
6603,92.0,7,95
6727,92.02,7,95
6852,92.09,7,95
6976,92.53,7,95
7101,92.83,7,95
7226,92.87,7,95
7351,93.11,7,95
7476,93.25,7,95
7601,93.12,7,95
7726,93.04,7,95
7851,93.08,7,95
7975,93.12,7,95
8100,93.67,7,95
8225,94.61,7,95
8351,96.31,7,95
8477,98.61,6,95
8610,95.14,7,95
8735,94.38,7,95
8861,94.76,7,95
8987,95.57,7,95
9113,96.86,7,95
9239,101.9,7,95
9368,100.79,7,95
9496,99.68,7,95
9623,99.52,7,95
9751,100.39,7,95
9879,101.23,7,95
10007,99.53,5,95
10146,100.61,7,95
10274,101.29,7,95
10402,101.54,7,95
10531,102.62,6,95
10665,104.2,4,95
10811,102.95,7,95
11251,99.64,3,95
11680,98.39,4,95
12398,102.08,3,95
12537,103.14,3,95
12678,100.86,7,95
12806,101.94,7,95
12935,101.4,7,95
13952,103.28,3,95
15300,103.15,6,95
15431,102.82,7,95
15560,102.16,7,95
15688,102.54,7,95
15817,103.33,5,95
15958,102.75,7,95
16087,101.77,7,95
16216,102.06,7,95
16344,102.93,7,95
16473,101.62,7,95
16602,101.37,6,95
16735,101.28,6,95
16869,101.19,7,95
16998,101.0,7,95
17126,100.76,6,95
17259,102.86,5,95
17399,102.74,7,95
17528,102.05,7,95
17657,101.79,7,95
17785,101.65,7,95
17914,101.61,7,95
18042,101.6,7,95
18171,102.55,4,95
18317,99.59,5,95
18455,95.61,7,95
18581,96.04,7,95
18708,97.01,6,95
18840,96.3,7,95
18966,94.98,7,95
19092,94.42,7,95
19218,94.6,7,95
19343,94.43,7,95
19469,94.17,7,95
19594,93.81,7,95
19720,93.82,7,95
19845,93.89,7,95
19970,93.84,7,95
20096,93.63,7,95
20220,93.68,7,95
20345,93.87,7,95
20471,93.82,7,95
20596,93.81,7,95
20721,93.71,7,95
20847,93.9,7,95
20972,94.35,7,95
21098,94.43,7,95
21223,94.83,7,95
21349,95.0,7,95
21475,94.5,7,95
21600,94.23,7,95
21726,94.41,7,95
21852,94.37,7,95
21977,94.34,7,95
22103,93.87,7,95
22227,93.91,7,95
22352,93.9,7,95
22478,93.88,7,95
22603,93.86,7,95
22729,86.67,7,95
22850,75.02,7,95
22969,93.79,7,95
23092,93.85,7,95
23217,86.62,7,95
23337,78.06,7,95
23456,71.35,7,95
23573,75.31,7,95
23692,93.79,7,95
23817,93.88,7,95
23942,93.83,7,95
24068,86.62,7,95
24188,75.07,7,95
24306,86.21,7,95
24427,93.53,7,95
24551,93.39,7,95
24675,93.61,7,95
24800,78.82,7,95
24919,76.04,7,95
25036,93.45,7,95
25159,93.89,7,95
25285,93.85,7,95
25410,93.84,7,95
25535,93.88,7,95
25661,93.88,7,95
25786,93.89,7,95
25911,93.92,7,95
26037,93.9,7,95
26162,93.87,7,95
26288,94.08,7,95
26413,93.99,7,95
26537,93.82,7,95
26663,93.82,7,95
26788,94.15,7,95
26914,93.87,7,95
27039,93.96,7,95
27164,93.81,7,95
27290,93.43,7,95
27413,93.22,7,95
27536,92.86,7,95
27659,93.81,7,95
27785,93.17,7,95
27908,93.03,7,95
28030,94.06,7,95
28156,94.32,7,95
28281,93.96,7,95
28407,93.55,7,95
28530,93.33,7,95
28655,93.52,7,95
28780,93.55,7,95
28906,93.71,7,95
29031,93.74,7,95
29156,93.8,7,95
29281,93.91,7,95
29407,94.41,7,95
29532,94.45,7,95
29658,94.31,7,95
29784,94.15,7,95
29908,94.07,7,95
30034,94.18,7,95
30159,94.48,7,95
30285,94.89,7,95
30410,94.96,7,95
30536,94.91,7,95
30662,94.89,7,95
30788,95.26,7,95
30914,94.8,7,95
31039,94.37,7,95
31165,95.89,7,95
31291,97.17,4,95
31435,95.75,4,95
31567,95.35,7,95
31693,94.64,7,95
31819,94.05,7,95
31944,93.75,7,95
32070,93.33,7,95
32195,92.72,7,95
32320,92.25,7,95
32445,91.91,7,95
32569,91.47,7,95
32694,91.06,7,95
32818,90.87,7,95
32942,91.03,7,95
33065,91.5,7,95
33190,92.16,7,95
33314,92.57,7,95
33439,92.96,7,95
33564,93.35,7,95
33689,93.35,7,95
33813,76.39,7,95
33931,93.61,7,95
34054,93.43,7,95
34178,79.95,7,95
34296,93.77,7,95
34421,79.37,7,95
34541,75.81,7,95
34659,93.17,7,95
34784,92.98,7,95
34909,92.88,7,95
35034,92.79,7,95
35159,92.71,7,95
35283,92.82,7,95
35408,93.07,7,95
35533,93.31,7,95
35658,93.36,7,95
35783,93.37,7,95
35908,93.34,7,95
36033,93.07,7,95
36158,93.55,7,95
36283,93.64,7,95
36409,93.64,7,95
36534,93.61,7,95
36659,93.62,7,95
36785,93.64,7,95
36910,93.66,7,95
37035,79.75,7,95
37153,79.86,7,95
37273,93.61,7,95
37398,93.6,7,95
37523,93.33,7,95
37648,85.53,7,95
37769,79.06,7,95
37888,93.12,7,95
38010,93.1,7,95
38133,93.1,7,95
38259,93.28,7,95
38384,93.19,7,95
38509,93.32,7,95
38634,93.31,7,95
38757,94.05,7,95
38882,94.08,7,95
39008,93.74,7,95
39133,93.98,7,95
39259,93.63,7,95
39384,93.64,7,95
39508,78.04,7,95
39627,86.09,7,95
39748,93.32,7,95
39873,92.83,7,95
39998,92.73,7,95
40123,92.75,7,95
40248,92.77,7,95
40373,92.74,7,95
40498,93.17,7,95
40623,93.25,7,95
40748,93.29,7,95
40872,92.88,7,95
40997,92.61,7,95
41122,92.48,7,95
41247,92.38,7,95
41371,92.42,7,95
41496,92.55,7,95
41621,92.62,7,95
41746,92.54,7,95
41871,92.56,7,95
41995,92.54,7,95
42120,92.49,7,95
42245,92.38,7,95
42370,92.17,7,95
42494,92.18,7,95
42618,92.33,7,95
42743,92.46,7,95
42868,92.65,7,95
42993,92.63,7,95
43118,92.64,7,95
43242,92.7,7,95
43367,92.77,7,95
43492,92.59,7,95
43617,92.44,7,95
43742,92.29,7,95
43867,92.23,7,95
43991,92.25,7,95
44115,92.39,7,95
44240,92.72,7,95
44365,92.85,7,95
44490,92.72,7,95
44615,92.65,7,95
44740,92.8,7,95
44864,92.54,7,95
44989,92.56,7,95
45114,92.75,7,95
45239,92.64,7,95
45364,92.65,7,95
45489,92.65,7,95
45614,92.7,7,95
45739,92.63,7,95
45862,92.54,7,95
45987,92.63,7,95
46112,92.63,7,95
46237,92.58,7,95
46362,92.34,7,95
46487,92.26,7,95
46611,92.12,7,95
46736,92.04,7,95
46861,92.15,7,95
46985,92.22,7,95
47110,92.27,7,95
47235,92.25,7,95
47360,92.33,7,95
47483,92.35,7,95
47608,92.35,7,95
47733,92.33,7,95
47858,92.33,7,95
47982,92.31,7,95
48107,92.31,7,95
48232,92.34,7,95
48357,92.37,7,95
48481,92.3,7,95
48606,92.24,7,95
48731,91.88,7,95
48855,91.8,7,95
48979,91.74,7,95
49103,92.01,7,95
49228,91.92,7,95
49353,91.73,7,95
49477,91.74,7,95
49602,91.91,7,95
49726,91.98,7,95
49851,91.93,7,95
49975,92.05,7,95
50100,92.17,7,95
50225,92.25,7,95
50349,92.28,7,95
50473,92.24,7,95
50598,92.53,7,95
50722,92.55,7,95
50847,92.47,7,95
50972,92.46,7,95
51097,92.53,7,95
51222,92.52,7,95
51347,92.54,7,95
51471,92.54,7,95
51596,92.62,7,95
51721,92.79,7,95
51846,92.8,7,95
51971,92.7,7,95
52096,92.8,7,95
52220,92.97,7,95
52345,92.74,7,95
52470,92.73,7,95
52595,92.79,7,95
52720,93.07,7,95
52845,93.07,7,95
52970,93.09,7,95
53095,93.07,7,95
53220,93.0,7,95
53345,92.94,7,95
53470,92.87,7,95
53595,92.84,7,95
53720,92.91,7,95
53844,92.93,7,95
53969,92.92,7,95
54094,92.8,7,95
54219,92.63,7,95
54343,92.41,7,95
54468,92.15,7,95
54593,92.26,7,95
54718,92.1,7,95
54842,91.99,7,95
54967,92.39,7,95
55092,92.52,7,95
55216,92.66,7,95
55341,92.78,7,95
55465,92.72,7,95
55590,92.57,7,95
55715,92.43,7,95
55840,92.01,7,95
55964,91.44,7,95
56089,91.21,7,95
56213,91.39,7,95
56338,91.91,7,95
56462,92.31,7,95
56587,92.49,7,95
56712,92.6,7,95
56837,92.49,7,95
56961,92.58,7,95
57085,92.76,7,95
57210,93.01,7,95
57335,92.76,7,95
57460,92.69,7,95
57585,92.74,7,95
57710,92.98,7,95
57835,93.17,7,95
57960,93.07,7,95
58085,92.96,7,95
58210,92.87,7,95
58335,92.8,7,95
58460,92.65,7,95
58585,92.63,7,95
58710,92.65,7,95
58833,92.65,7,95
58958,92.65,7,95
59083,92.64,7,95
59208,92.46,7,95
59333,92.37,7,95
59458,92.24,7,95
59582,92.16,7,95
59707,92.29,7,95
59832,92.37,7,95
59957,92.22,7,95
60081,91.89,7,95
60206,92.03,7,95
60329,92.31,7,95
60454,92.36,7,95
60579,92.37,7,95
60704,92.42,7,95
60829,92.53,7,95
60953,92.69,7,95
61078,92.77,7,95
61203,92.82,7,95
61328,92.91,7,95
61453,92.97,7,95
61578,93.08,7,95
61703,93.44,7,95
61828,93.44,7,95
61953,93.45,7,95
62078,93.48,7,95
62203,93.48,7,95
62328,93.13,7,95
62453,92.73,7,95
62578,92.7,7,95
62703,92.74,7,95
62828,92.74,7,95
62953,92.64,7,95
63078,92.53,7,95
63203,92.46,7,95
63327,92.39,7,95
63452,92.41,7,95
63577,92.55,7,95
63702,92.6,7,95
63825,92.55,7,95
63950,92.38,7,95
64075,92.4,7,95
64200,92.57,7,95
64325,92.64,7,95
64450,92.58,7,95
64574,92.35,7,95
64699,92.09,7,95
64824,92.02,7,95
64948,92.0,7,95
65073,92.07,7,95
65198,92.22,7,95
65321,92.22,7,95
65446,92.18,7,95
65571,92.16,7,95
65695,92.27,7,95
65820,92.16,7,95
65945,91.8,7,95
66069,91.74,7,95
66194,91.53,7,95
66318,91.59,7,95
66443,92.12,7,95
66567,92.29,7,95
66692,92.43,7,95
66817,92.42,7,95
66941,91.95,7,95
67065,92.36,7,95
67190,92.52,7,95
67315,92.5,7,95
67440,92.26,7,95
67565,91.67,7,95
67689,91.92,7,95
67814,91.9,7,95
67938,91.94,7,95
68063,92.0,7,95
68187,92.27,7,95
68312,92.17,7,95
68436,91.93,7,95
68560,91.62,7,95
68685,91.83,7,95
68809,91.74,7,95
68934,91.74,7,95
69058,91.62,7,95
69183,92.15,7,95
69307,91.73,7,95
69432,91.86,7,95
69557,91.49,7,95
69681,91.48,7,95
69805,91.43,7,95
69929,91.08,7,95
70053,91.51,7,95
70177,91.75,7,95
70302,92.14,7,95
70426,92.22,7,95
70551,92.27,7,95
70676,92.37,7,95
70801,92.1,7,95
70925,91.94,7,95
71050,91.98,7,95
71175,91.68,7,95
71299,91.6,7,95
71424,91.57,7,95
71547,91.56,7,95
71671,91.48,7,95
71796,91.59,7,95
71920,91.51,7,95
72045,91.81,7,95
72169,92.39,7,95
72294,92.63,7,95
72419,92.79,7,95
72544,92.83,7,95
72669,92.49,7,95
72793,92.33,7,95
72918,92.35,7,95
73042,92.07,7,95
73167,91.5,7,95
73291,90.8,7,95
73415,90.7,7,95
73539,90.89,7,95
73664,91.09,7,95
73788,91.31,7,95
73912,90.92,7,95
74036,90.78,7,95
74160,91.01,7,95
74285,91.11,7,95
74408,90.8,7,95
74532,91.18,7,95
74656,91.27,7,95
74781,91.27,7,95
74905,91.02,7,95
75029,91.37,7,95
75154,91.89,7,95
75278,92.04,7,95
75403,91.81,7,95
75527,91.32,7,95
75652,91.47,7,95
75776,91.28,7,95
75899,90.98,7,95
76024,90.67,7,95
76148,90.77,7,95
76272,91.03,7,95
76396,91.24,7,95
76520,91.54,7,95
76645,91.9,7,95
76769,91.74,7,95
76894,91.71,7,95
77018,91.78,7,95
77143,91.29,7,95
77266,91.1,7,95
77390,90.39,7,95
77514,90.95,7,95
77639,91.28,7,95
77763,91.21,7,95
77887,91.3,7,95
78012,91.24,7,95
78136,91.03,7,95
78260,91.27,7,95
78384,91.83,7,95
78509,91.75,7,95
78632,91.76,7,95
78757,91.45,7,95
78881,91.5,7,95
79006,91.62,7,95
79130,92.18,7,95
79255,92.23,7,95
79380,92.57,7,95
79504,92.64,7,95
79629,92.54,7,95
79754,92.68,7,95
79879,92.6,7,95
80004,92.56,7,95
80129,92.38,7,95
80252,91.51,7,95
80377,90.98,7,95
80501,90.67,7,95
80625,90.85,7,95
80749,91.41,7,95
80874,91.95,7,95
80998,92.3,7,95
81123,92.45,7,95
81248,92.52,7,95
81373,92.46,7,95
81497,92.45,7,95
81622,92.36,7,95
81746,92.14,7,95
81871,91.92,7,95
81995,92.01,7,95
82120,92.34,7,95
82245,92.7,7,95
82369,92.93,7,95
82494,92.99,7,95
82619,92.99,7,95
82744,93.02,7,95
82869,93.1,7,95
82994,93.08,7,95
83120,93.21,7,95
83245,93.61,7,95
83369,93.72,7,95
83494,93.94,7,95
83620,93.95,7,95
83745,93.7,7,95
83870,93.71,7,95
83996,93.73,7,95
84121,93.76,7,95
84246,93.81,7,95
84372,94.18,7,95
84497,94.23,7,95
84623,94.24,7,95
84748,93.8,7,95
84873,93.82,7,95
84999,93.83,7,95
85124,93.93,7,95
85250,93.91,7,95
85374,93.73,7,95
85499,94.02,7,95
85625,93.75,7,95
85750,93.72,7,95
85875,93.78,7,95
86001,93.6,7,95
86126,93.21,7,95
86251,93.12,7,95
86376,93.64,7,95
86501,94.26,7,95
86627,95.07,7,95
86753,95.96,7,95
86879,96.4,7,95
87005,101.37,7,95
87134,97.86,7,95
87261,97.03,7,95
87387,96.78,7,95
87514,96.61,7,95
87640,95.73,7,95
87767,94.81,7,95
87891,93.95,7,95
88017,94.07,7,95
88142,94.26,7,95
88268,94.71,7,95
88393,94.2,7,95
88519,93.6,7,95
88644,93.41,7,95
88769,93.67,7,95
88895,93.7,7,95
89020,93.65,7,95
89145,93.35,7,95
89270,93.18,7,95
89395,93.18,7,95
89521,93.61,7,95
89646,93.76,7,95
89771,94.11,7,95
89896,93.56,7,95
90021,93.16,7,95
90146,93.04,7,95
90271,93.13,7,95
90396,93.58,7,95
90521,93.6,7,95
90646,93.67,7,95
90772,93.66,7,95
90897,93.35,7,95
91022,93.04,7,95
91147,93.11,7,95
91272,93.54,7,95
91398,93.75,7,95
91523,93.8,7,95
91648,94.03,7,95
91773,94.05,7,95
91898,94.22,7,95
92024,94.31,7,95
92149,94.01,7,95
92275,93.7,7,95
92400,93.62,7,95
92525,93.5,7,95
92650,93.39,7,95
92776,93.18,7,95
92901,93.61,7,95
93026,93.62,7,95
93151,93.64,7,95
93276,94.11,7,95
93402,94.22,7,95
93527,93.76,7,95
93652,93.81,7,95
93777,94.03,7,95
93903,93.79,7,95
94028,93.94,7,95
94153,93.79,7,95
94279,94.05,7,95
94404,94.1,7,95
94529,94.01,7,95
94655,93.79,7,95
94780,93.97,7,95
94906,94.28,7,95
95031,94.42,7,95
95157,94.43,7,95
95282,94.34,7,95
95408,94.43,7,95
95534,94.53,7,95
95659,94.34,7,95
95784,94.25,7,95
95909,94.29,7,95
96035,94.34,7,95
96160,94.54,7,95
96286,95.15,7,95
96412,95.31,7,95
96538,95.6,7,95
96664,95.02,7,95
96790,94.99,7,95
96916,95.07,7,95
97041,94.62,7,95
97167,94.13,7,95
97293,93.68,7,95
97418,93.11,7,95
97543,93.19,7,95
97668,93.49,7,95
97793,93.32,7,95
97917,93.01,7,95
98042,92.84,7,95
98167,92.85,7,95
98292,92.98,7,95
98417,92.99,7,95
98542,92.94,7,95
98667,93.0,7,95
98792,93.01,7,95
98917,93.11,7,95
99042,93.36,7,95
99168,93.63,7,95
99293,93.7,7,95
99418,93.76,7,95
99543,93.67,7,95
99668,93.24,7,95
99793,93.2,7,95
99918,93.15,7,95
100043,93.19,7,95
100168,93.14,7,95
100293,93.08,7,95
100418,93.1,7,95
100543,93.1,7,95
100669,93.07,7,95
100794,93.01,7,95
100919,92.9,7,95
101044,92.92,7,95
101169,92.93,7,95
101294,93.06,7,95
101419,93.08,7,95
101543,93.05,7,95
101668,92.97,7,95
101793,93.01,7,95
101918,93.1,7,95
102043,93.07,7,95
102168,93.05,7,95
102293,92.98,7,95
102418,92.91,7,95
102544,92.91,7,95
102669,92.94,7,95
102794,92.96,7,95
102919,93.0,7,95
103044,92.97,7,95
103169,92.93,7,95
103293,92.92,7,95
103418,92.92,7,95
103543,92.92,7,95
103668,93.0,7,95
103793,93.18,7,95
103918,93.64,7,95
104043,93.74,7,95
104169,93.74,7,95
104294,94.17,7,95
104420,94.26,7,95
104545,94.19,7,95
104671,93.75,7,95
104796,93.75,7,95
104921,94.1,7,95
105047,93.73,7,95
105171,93.58,7,95
105297,93.1,7,95
105422,93.12,7,95
105547,93.66,7,95
105672,93.86,7,95
105798,93.81,7,95
105923,93.79,7,95
106048,93.72,7,95
106174,93.37,7,95
106299,92.85,7,95
106424,92.53,7,95
106549,92.34,7,95
106674,92.28,7,95
106799,92.37,7,95
106923,92.5,7,95
107047,92.66,7,95
107172,92.85,7,95
107297,93.05,7,95
107422,93.42,7,95
107547,93.67,7,95
107673,93.71,7,95
107798,93.68,7,95
107923,93.69,7,95
108049,93.65,7,95
108174,93.63,7,95
108299,93.63,7,95
108425,93.65,7,95
108550,93.71,7,95
108675,93.71,7,95
108801,94.14,7,95
108925,94.26,7,95
109051,94.29,7,95
109176,94.26,7,95
109302,94.26,7,95
109427,94.26,7,95
109553,94.22,7,95
109678,94.27,7,95
109804,94.2,7,95
109930,94.11,7,95
110055,94.08,7,95
110181,93.83,7,95
110306,94.16,7,95
110431,93.82,7,95
110557,93.82,7,95
110682,93.8,7,95
110808,93.82,7,95
110932,93.8,7,95
111057,94.04,7,95
111183,93.81,7,95
111308,93.78,7,95
111434,94.25,7,95
111559,94.17,7,95
111685,94.26,7,95
111810,94.28,7,95
111936,94.25,7,95
112061,94.32,7,95
112187,94.27,7,95
112313,94.29,7,95
112438,94.28,7,95
112564,94.31,7,95
112689,94.27,7,95
112815,93.94,7,95
112940,93.97,7,95
113065,94.0,7,95
113190,93.79,7,95
113316,93.82,7,95
113441,94.15,7,95
113566,94.29,7,95
113692,94.32,7,95
113818,94.27,7,95
113943,94.26,7,95
114069,94.23,7,95
114194,94.27,7,95
114320,94.06,7,95
114445,93.82,7,95
114571,93.81,7,95
114696,93.79,7,95
114822,93.73,7,95
114947,93.7,7,95
115072,93.73,7,95
115197,93.94,7,95
115322,94.08,7,95
115448,94.18,7,95
115573,93.89,7,95
115699,93.74,7,95
115824,93.66,7,95
115949,93.72,7,95
116075,93.72,7,95
116200,93.7,7,95
116325,93.73,7,95
116451,93.8,7,95
116576,93.78,7,95
116701,93.81,7,95
116827,93.74,7,95
116952,93.67,7,95
117078,93.71,7,95
117202,93.77,7,95
117327,93.8,7,95
117453,93.76,7,95
117578,93.32,7,95
117703,93.59,7,95
117828,93.72,7,95
117954,93.58,7,95
118079,93.35,7,95
118204,93.07,7,95
118330,93.06,7,95
118455,93.09,7,95
118580,93.16,7,95
118705,93.56,7,95
118830,94.07,7,95
118956,94.27,7,95
119080,93.89,7,95
119206,93.7,7,95
119331,93.71,7,95
119456,93.84,7,95
119582,93.99,7,95
119707,93.96,7,95
119833,93.83,7,95
119958,93.87,7,95
120083,93.74,7,95
120209,93.67,7,95
120334,93.69,7,95
120459,93.73,7,95
120585,94.11,7,95
120710,94.27,7,95
120836,94.15,7,95
120961,93.73,7,95
121086,93.58,7,95
121211,93.58,7,95
121336,93.77,7,95
121462,93.78,7,95
121587,94.1,7,95
121713,94.06,7,95
121838,94.25,7,95
121964,93.92,7,95
122089,93.75,7,95
122215,93.72,7,95
122340,93.73,7,95
122465,93.96,7,95
122591,94.31,7,95
122716,94.34,7,95
122842,94.34,7,95
122967,94.36,7,95
123092,94.37,7,95
123218,94.7,7,95
123343,94.77,7,95
123469,94.52,7,95
123595,94.46,7,95
123720,94.36,7,95
123846,94.35,7,95
123972,94.43,7,95
124097,94.43,7,95
124223,94.38,7,95
124349,94.36,7,95
124474,94.45,7,95
124600,94.61,7,95
124726,94.35,7,95
124851,94.41,7,95
124977,95.21,7,95
125103,95.61,7,95
125229,95.76,7,95
125355,95.06,7,95
125480,94.67,7,95
125606,94.46,7,95
125731,94.74,7,95
125857,94.43,7,95
125983,94.8,7,95
126108,94.86,7,95
126234,94.88,7,95
126360,94.88,7,95
126486,94.84,7,95
126612,94.41,7,95
126737,94.28,7,95
126863,94.1,7,95
126988,93.79,7,95
127114,93.4,7,95
127239,93.54,7,95
127364,93.57,7,95
127490,93.29,7,95
127614,93.19,7,95
127739,93.16,7,95
127864,93.09,7,95
127989,93.2,7,95
128114,93.72,7,95
128240,93.65,7,95
128365,93.12,7,95
128490,93.0,7,95
128615,93.04,7,95
128740,93.08,7,95
128866,93.05,7,95
128991,92.98,7,95
129116,92.96,7,95
129241,93.0,7,95
129366,92.99,7,95
129490,92.89,7,95
129615,92.83,7,95
129740,92.86,7,95
129865,92.92,7,95
129990,93.08,7,95
130115,93.63,7,95
130240,93.81,7,95
130366,94.36,7,95
130491,94.43,7,95
130617,94.46,7,95
130742,94.34,7,95
130868,93.89,7,95
130993,93.88,7,95
131119,94.25,7,95
131244,93.82,7,95
131369,93.71,7,95
131494,93.36,7,95
131619,93.32,7,95
131745,93.5,7,95
131870,93.55,7,95
131995,93.45,7,95
132120,93.56,7,95
132246,93.57,7,95
132371,93.71,7,95
132496,93.64,7,95
132622,93.19,7,95
132747,93.19,7,95
132872,93.34,7,95
132997,93.17,7,95
133122,93.74,7,95
133248,94.01,7,95
133372,94.34,7,95
133498,94.14,7,95
133623,94.01,7,95
133749,94.03,7,95
133874,93.68,7,95
133999,93.73,7,95
134125,93.77,7,95
134250,94.16,7,95
134376,94.3,7,95
134501,94.38,7,95
134627,94.35,7,95
134752,93.99,7,95
134878,93.82,7,95
135003,93.81,7,95
135129,87.18,7,95
135249,91.12,7,95
135373,93.55,7,95
135498,93.16,7,95
135623,93.04,7,95
135748,92.86,7,95
135873,92.69,7,95
135998,92.59,7,95
136123,92.61,7,95
136248,92.64,7,95
136373,92.84,7,95
136498,93.05,7,95
136623,86.65,7,95
136743,91.09,7,95
136866,93.73,7,95
136992,94.34,7,95
137117,94.37,7,95
137243,94.34,7,95
137369,94.25,7,95
137494,94.52,7,95
137620,94.26,7,95
137745,93.87,7,95
137871,94.1,7,95
137996,93.77,7,95
138122,93.7,7,95
138247,93.29,7,95
138372,93.48,7,95
138497,93.74,7,95
138622,94.13,7,95
138747,93.92,7,95
138873,94.34,7,95
138998,94.07,7,95
139124,94.31,7,95
139249,94.36,7,95
139375,94.04,7,95
139501,93.72,7,95
139626,93.46,7,95
139751,93.07,7,95
139876,93.72,7,95
140002,93.79,7,95
140127,93.71,7,95
140252,93.65,7,95
140378,93.7,7,95
140503,93.71,7,95
140627,93.71,7,95
140753,93.96,7,95
140878,93.64,7,95
141003,93.6,7,95
141129,93.1,7,95
141254,93.44,7,95
141379,93.3,7,95
141504,92.72,7,95
141629,92.38,7,95
141754,92.47,7,95
141879,92.72,7,95
142004,92.92,7,95
142129,92.83,7,95
142254,93.0,7,95
142379,93.17,7,95
142503,93.05,7,95
142628,93.35,7,95
142753,93.26,7,95
142879,93.1,7,95
143004,93.11,7,95
143129,93.35,7,95
143254,92.8,7,95
143379,92.64,7,95
143504,92.75,7,95
143629,93.09,7,95
143754,92.74,7,95
143879,92.8,7,95
144004,93.17,7,95
144129,93.0,7,95
144253,93.01,7,95
144378,93.01,7,95
144503,92.89,7,95
144628,92.83,7,95
144753,92.83,7,95
144878,93.25,7,95
145003,93.16,7,95
145129,93.05,7,95
145254,93.05,7,95
145379,93.2,7,95
145504,93.04,7,95
145629,93.05,7,95
145754,93.19,7,95
145879,93.03,7,95
146003,93.01,7,95
146128,92.9,7,95
146253,92.91,7,95
146378,92.98,7,95
146504,93.01,7,95
146629,93.11,7,95
146754,93.01,7,95
146879,93.27,7,95
147004,93.22,7,95
147129,93.09,7,95
147254,92.73,7,95
147379,92.71,7,95
147504,92.92,7,95
147629,92.94,7,95
147753,86.03,7,95
147874,93.66,7,95
148000,94.46,7,95
148125,95.38,7,95
148251,95.13,7,95
148377,94.52,7,95
148503,93.65,7,95
148628,93.49,7,95
148751,93.62,7,95
148877,93.46,7,95
149002,93.55,7,95
149127,93.69,7,95
149253,94.07,7,95
149378,94.16,7,95
149504,94.2,7,95
149628,93.7,7,95
149754,93.34,7,95
149879,93.26,7,95
150004,93.52,7,95
150129,93.6,7,95
150254,94.16,7,95
150380,94.65,7,95
150506,95.07,7,95
150631,95.02,7,95
150757,94.83,7,95
150883,94.42,7,95
151009,93.55,7,95
151133,85.65,7,95
151254,92.84,7,95
151378,93.25,7,95
151503,93.2,7,95
151628,93.6,7,95
151754,93.69,7,95
151879,94.18,7,95
152004,94.28,7,95
152130,94.26,7,95
152256,94.19,7,95
152381,93.71,7,95
152507,93.64,7,95
152632,93.6,7,95
152757,93.55,7,95
152882,93.61,7,95
153008,93.65,7,95
153133,93.59,7,95
153257,93.64,7,95
153383,93.69,7,95
153508,93.67,7,95
153633,93.72,7,95
153759,93.75,7,95
153884,93.9,7,95
154009,94.0,7,95
154135,94.16,7,95
154260,94.18,7,95
154386,94.17,7,95
154511,94.18,7,95
154637,94.17,7,95
154763,94.18,7,95
154888,94.16,7,95
155014,94.08,7,95
155139,93.72,7,95
155264,93.63,7,95
155389,93.21,7,95
155514,92.94,7,95
155639,92.83,7,95
155764,93.05,7,95
155889,92.92,7,95
156014,93.14,7,95
156139,93.08,7,95
156264,93.06,7,95
156389,93.54,7,95
156515,93.56,7,95
156640,93.59,7,95
156765,93.62,7,95
156891,93.63,7,95
157016,93.62,7,95
157140,93.6,7,95
157266,93.65,7,95
157391,93.61,7,95
157516,93.62,7,95
157642,93.63,7,95
157767,93.64,7,95
157892,93.7,7,95
158018,93.89,7,95
158143,94.12,7,95
158268,94.17,7,95
158394,94.16,7,95
158519,94.19,7,95
158645,94.17,7,95
158770,94.17,7,95
158896,94.05,7,95
159021,93.73,7,95
159147,93.71,7,95
159271,93.69,7,95
159397,93.63,7,95
159522,93.63,7,95
159647,93.54,7,95
159773,93.37,7,95
159898,93.04,7,95
160023,92.89,7,95
160148,92.85,7,95
160273,92.76,7,95
160398,92.96,7,95
160523,93.23,7,95
160648,93.61,7,95
160773,94.11,7,95
160899,94.48,7,95
161024,95.22,7,95
161149,95.78,7,95
161276,97.07,7,95
161402,97.56,7,95
161529,97.07,7,95
161656,96.1,7,95
161782,95.29,7,95
161908,94.73,7,95
162034,94.23,7,95
162160,93.96,7,95
162285,93.6,7,95
162410,93.44,7,95
162536,93.08,7,95
162661,93.09,7,95
162786,93.09,7,95
162911,93.53,7,95
163036,93.49,7,95
163161,93.63,7,95
163287,93.73,7,95
163411,93.8,7,95
163536,94.18,7,95
163662,94.25,7,95
163788,94.44,7,95
163913,94.69,7,95
164039,94.52,7,95
164165,94.25,7,95
164290,94.25,7,95
164416,94.25,7,95
164541,94.19,7,95
164667,94.19,7,95
164792,94.2,7,95
164918,94.24,7,95
165043,94.27,7,95
165169,94.28,7,95
165295,94.71,7,95
165420,94.75,7,95
165545,95.05,7,95
165671,95.67,7,95
165797,95.94,7,95
165923,95.76,7,95
166049,95.59,7,95
166175,95.08,7,95
166301,94.8,7,95
166427,94.34,7,95
166553,94.41,7,95
166678,94.31,7,95
166804,94.54,7,95
166930,94.54,7,95
167055,94.68,7,95
167181,94.78,7,95
167307,94.77,7,95
167433,94.87,7,95
167558,94.86,7,95
167684,94.79,7,95
167810,94.77,7,95
167936,94.72,7,95
168061,94.71,7,95
168186,94.72,7,95
168312,94.7,7,95
168438,94.71,7,95
168564,94.56,7,95
168689,94.68,7,95
168815,94.48,7,95
168941,94.7,7,95
169066,94.74,7,95
169192,94.76,7,95
169318,95.0,7,95
169444,95.02,7,95
169570,95.27,7,95
169696,95.75,7,95
169822,96.07,7,95
169948,95.77,7,95
170074,94.63,7,95
170200,94.34,7,95
170326,94.69,7,95
170450,95.32,7,95
170576,95.67,7,95
170702,95.51,7,95
170828,96.14,7,95
170955,95.99,7,95
171081,96.32,7,95
171207,96.22,7,95
171334,96.34,7,95
171460,96.58,7,95
171587,97.7,7,95
171714,97.62,7,95
171841,97.82,7,95
171968,97.72,7,95
172095,95.97,7,95
172221,96.77,7,95
172348,97.51,5,95
172482,102.88,5,95
172614,102.26,7,95
172743,100.75,7,95
172872,101.85,6,95
173006,101.4,7,95
173134,98.53,7,95
173261,97.45,7,95
173388,97.39,7,95
173515,96.77,7,95
173642,95.71,7,95
173768,95.72,7,95
173894,96.69,7,95
174021,97.21,7,95
174148,98.03,7,95
174275,97.45,7,95
174402,96.05,7,95
174528,95.5,7,95
174654,95.57,7,95
174780,95.3,7,95
174906,95.12,7,95
175032,95.15,7,95
175158,95.23,7,95
175284,94.61,7,95
175410,94.8,7,95
175536,94.31,7,95
175661,95.04,7,95
175787,95.25,7,95
175912,95.07,7,95
176038,95.12,7,95
176164,95.08,7,95
176290,94.81,7,95
176416,95.06,7,95
176542,95.13,7,95
176668,95.66,7,95
176794,96.45,7,95
176920,96.01,6,95
177052,96.68,4,95
177185,98.12,7,95
177312,96.84,7,95
177439,98.72,7,95
177566,99.98,7,95
177694,100.07,7,95
177822,100.09,7,95
177950,100.16,7,95
178078,98.55,7,95
178205,99.99,7,95
178333,101.92,6,95
178467,102.23,5,95
178607,101.17,7,95
178736,101.49,7,95
178864,101.82,7,95
178993,102.74,3,95
179143,101.96,3,95
179282,100.4,7,95
179410,100.65,7,95
179538,101.08,7,95
179667,100.73,7,95
179795,99.69,7,95
179923,98.98,7,95
180050,100.24,7,95
180178,100.16,7,95
180306,99.46,5,95
180729,96.15,7,95
180855,98.6,7,95
180982,97.32,7,95
181109,97.66,7,95
181236,98.93,4,95
181541,98.7,3,95
181858,101.94,3,95
182008,102.6,3,95
182159,102.35,7,95
182288,103.69,7,95
182417,99.05,7,95
182544,96.87,7,95
182671,97.11,7,95
182798,100.91,7,95
182926,96.69,7,95
183053,97.6,7,95
183180,99.67,7,95
183307,97.03,7,95
183434,97.74,7,95
183561,97.05,7,95
183688,96.69,7,95
183815,95.83,7,95
183941,96.57,7,95
184067,96.07,7,95
184194,96.06,7,95
184320,95.61,7,95
184445,95.25,7,95
184571,95.14,7,95
184697,94.7,7,95
184823,94.42,7,95
184949,94.13,7,95
185074,94.03,7,95
185199,94.16,7,95
185325,94.61,7,95
185451,94.61,7,95
185576,94.62,7,95
185702,94.58,7,95
185828,94.61,7,95
185954,94.61,7,95
186079,94.61,7,95
186205,94.54,7,95
186331,94.44,7,95
186456,94.48,7,95
186582,94.5,7,95
186707,94.52,7,95
186832,94.52,7,95
186958,94.51,7,95
187084,94.31,7,95
187209,94.34,7,95
187335,94.29,7,95
187460,94.29,7,95
187586,94.14,7,95
187711,94.08,7,95
187837,94.05,7,95
187962,94.08,7,95
188088,94.06,7,95
188213,94.07,7,95
188339,94.04,7,95
188464,94.08,7,95
188590,94.14,7,95
188715,94.17,7,95
188840,94.15,7,95
188965,94.18,7,95
189091,94.16,7,95
189216,94.17,7,95
189342,94.17,7,95
189468,94.15,7,95
189593,94.15,7,95
189719,94.17,7,95
189844,94.14,7,95
189970,94.16,7,95
190095,94.15,7,95
190221,94.17,7,95
190346,94.14,7,95
190472,94.15,7,95
190597,94.15,7,95
190723,94.14,7,95
190848,94.16,7,95
190973,94.09,7,95
191098,94.09,7,95
191224,94.06,7,95
191349,94.07,7,95
191475,94.06,7,95
191600,94.06,7,95
191726,93.85,7,95
191851,93.69,7,95
191976,93.77,7,95
192102,93.64,7,95
192227,93.61,7,95
192352,93.62,7,95
192478,93.61,7,95
192603,93.61,7,95
192728,93.84,7,95
192854,93.98,7,95
192978,93.78,7,95
193104,93.73,7,95
193229,94.04,7,95
193354,93.85,7,95
193480,93.61,7,95
193605,93.76,7,95
193731,93.63,7,95
193856,94.0,7,95
193981,94.08,7,95
194107,94.14,7,95
194232,94.77,7,95
194358,95.23,7,95
194484,95.7,7,95
194610,96.47,7,95
194737,96.85,7,95
194863,102.61,7,95
194992,101.92,7,95
195121,101.5,7,95
195737,104.25,4,95
195883,102.86,7,95
196013,104.38,7,95
196641,105.88,4,95
196787,102.79,7,95
196917,102.04,7,95
197045,101.76,7,95
197174,101.23,7,95
197302,101.49,7,95
197431,101.6,7,95
197559,101.6,7,95
197688,101.68,7,95
197817,101.95,7,95
197945,102.2,7,95
198074,102.5,7,95
198203,102.86,7,95
198332,102.51,7,95
198461,102.85,7,95
198590,102.87,7,95
198719,102.8,7,95
198848,102.58,7,95
198977,102.6,7,95
199106,102.12,7,95
199235,101.6,7,95
199363,100.89,7,95
199492,100.96,7,95
199620,101.47,7,95
199749,100.68,7,95
199877,100.1,7,95
200005,100.15,7,95
200133,99.99,7,95
200261,100.25,7,95
200389,100.08,7,95
200517,99.97,7,95
200644,100.42,7,95
200925,103.66,5,95
201058,101.88,7,95
201187,101.24,7,95
201315,100.91,7,95
201443,99.28,7,95
201571,98.81,7,95
201698,96.95,7,95
201825,96.05,7,95
201951,95.53,7,95
202077,95.16,7,95
202203,95.15,7,95
202329,95.06,7,95
202455,95.14,7,95
202580,95.06,7,95
202706,94.7,7,95
202832,94.51,7,95
202957,94.26,7,95
203083,94.15,7,95
203208,94.19,7,95
203334,94.14,7,95
203460,93.8,7,95
203585,94.06,7,95
203710,93.61,7,95
203836,93.6,7,95
203961,93.6,7,95
204086,93.62,7,95
204212,93.64,7,95
204337,93.57,7,95
204462,93.53,7,95
204587,93.47,7,95
204712,78.73,7,95
204831,86.15,7,95
204952,85.78,7,95
205073,93.2,7,95
205198,93.29,7,95
205323,93.34,7,95
205446,82.4,7,95
205565,78.57,7,95
205684,78.56,7,95
205803,89.54,7,95
205925,93.42,7,95
206051,93.46,7,95
206176,93.46,7,95
206301,92.91,7,95
206424,93.21,7,95
206548,93.06,7,95
206673,93.3,7,95
206798,93.08,7,95
206924,93.16,7,95
207049,92.91,7,95
207174,93.25,7,95
207299,92.91,7,95
207424,92.95,7,95
207549,92.73,7,95
207674,92.69,7,95
207799,92.63,7,95
207924,92.58,7,95
208049,92.53,7,95
208174,92.47,7,95
208299,92.45,7,95
208422,92.47,7,95
208547,92.46,7,95
208672,92.46,7,95
208797,92.46,7,95
208922,92.45,7,95
209047,92.47,7,95
209171,92.53,7,95
209296,92.56,7,95
209421,92.56,7,95
209546,92.61,7,95
209671,92.59,7,95
209796,92.74,7,95
209921,92.59,7,95
210045,92.49,7,95
210170,92.26,7,95
210294,92.24,7,95
210419,92.19,7,95
210544,92.18,7,95
210669,92.19,7,95
210793,92.19,7,95
210918,92.25,7,95
211043,92.11,7,95
211168,92.29,7,95
211292,92.11,7,95
211417,92.2,7,95
211542,92.08,7,95
211666,92.1,7,95
211790,92.11,7,95
211915,92.17,7,95
212040,92.18,7,95
212164,92.16,7,95
212289,92.18,7,95
212414,92.17,7,95
212539,92.38,7,95
212664,92.28,7,95
212788,92.41,7,95
212913,92.37,7,95
213038,92.37,7,95
213163,92.34,7,95
213287,92.33,7,95
213411,92.39,7,95
213536,92.38,7,95
213661,92.37,7,95
213786,92.37,7,95
213911,92.37,7,95
214035,92.37,7,95
214160,92.28,7,95
214285,92.35,7,95
214410,92.33,7,95
214535,92.38,7,95
214659,92.38,7,95
214784,92.38,7,95
214908,92.48,7,95
215033,92.27,7,95
215158,92.28,7,95
215282,92.22,7,95
215407,92.18,7,95
215532,92.19,7,95
215657,91.95,7,95
215781,91.9,7,95
215906,91.81,7,95
216031,91.74,7,95
216155,91.73,7,95
216280,91.73,7,95
216403,91.76,7,95
216528,91.74,7,95
216652,91.85,7,95
216777,91.83,7,95
216902,91.99,7,95
217026,92.17,7,95
217151,92.01,7,95
217276,92.01,7,95
217400,92.03,7,95
217525,92.03,7,95
217650,92.01,7,95
217774,92.01,7,95
217899,91.9,7,95
218023,91.91,7,95
218147,91.87,7,95
218272,91.81,7,95
218397,91.72,7,95
218521,91.63,7,95
218646,91.6,7,95
218770,91.55,7,95
218895,91.56,7,95
219019,91.54,7,95
219144,91.5,7,95
219268,91.44,7,95
219392,91.47,7,95
219516,91.46,7,95
219640,91.47,7,95
219765,91.54,7,95
219889,91.55,7,95
220014,91.49,7,95
220138,91.47,7,95
220263,91.49,7,95
220387,91.47,7,95
220511,91.44,7,95
220636,91.39,7,95
220760,91.41,7,95
220884,91.4,7,95
221008,91.47,7,95
221133,91.57,7,95
221257,91.7,7,95
221382,91.89,7,95
221506,92.0,7,95
221631,92.12,7,95
221756,92.25,7,95
221880,92.22,7,95
222005,92.2,7,95
222130,92.2,7,95
222255,92.19,7,95
222379,92.2,7,95
222503,92.38,7,95
222628,92.38,7,95
222753,92.53,7,95
222878,92.58,7,95
223002,92.81,7,95
223127,92.95,7,95
223252,93.1,7,95
223378,93.11,7,95
223503,93.14,7,95
223628,93.19,7,95
223753,93.28,7,95
223878,93.33,7,95
224003,93.35,7,95
224128,93.37,7,95
224253,93.42,7,95
224378,93.45,7,95
224503,93.53,7,95
224628,93.62,7,95
224754,93.92,7,95
224879,94.02,7,95
225004,94.18,7,95
225130,94.39,7,95
225256,94.58,7,95
225381,94.71,7,95
225507,95.08,7,95
225633,95.85,7,95
225759,96.85,7,95
225886,99.7,7,95
226013,102.06,7,95
226142,101.75,7,95
226271,101.39,7,95
226399,102.58,7,95
226528,102.92,3,95
226668,102.34,7,95
226797,101.96,7,95
226925,101.23,7,95
227054,101.26,7,95
227182,101.89,7,95
227311,101.71,7,95
227440,101.38,7,95
227568,102.02,7,95
227697,98.1,7,95
227824,95.89,7,95
227950,95.0,7,95
228076,94.72,7,95
228202,94.71,7,95
228328,94.67,7,95
228453,94.18,7,95
228579,94.11,7,95
228704,94.07,7,95
228830,94.07,7,95
228955,94.1,7,95
229081,94.08,7,95
229206,93.93,7,95
229331,93.65,7,95
229456,93.55,7,95
229581,93.55,7,95
229707,93.47,7,95
229832,93.42,7,95
229957,93.36,7,95
230082,93.28,7,95
230208,93.27,7,95
230333,93.28,7,95
230458,93.28,7,95
230583,93.25,7,95
230708,93.22,7,95
230833,92.92,7,95
230959,92.69,7,95
231083,92.65,7,95
231207,92.62,7,95
231332,92.93,7,95
231457,92.98,7,95
231582,93.0,7,95
231707,92.97,7,95
231833,92.84,7,95
231958,92.54,7,95
232082,92.37,7,95
232207,92.28,7,95
232332,92.3,7,95
232457,92.3,7,95
232582,92.38,7,95
232706,92.47,7,95
232830,92.49,7,95
232955,92.61,7,95
233080,92.82,7,95
233205,92.85,7,95
233330,92.65,7,95
233455,92.58,7,95
233580,92.61,7,95
233705,92.68,7,95
233830,92.56,7,95
233955,92.56,7,95
234080,92.55,7,95
234204,92.46,7,95
234329,92.45,7,95
234454,92.37,7,95
234578,92.29,7,95
234703,92.27,7,95
234827,92.28,7,95
234952,92.35,7,95
235077,92.38,7,95
235202,92.42,7,95
235327,92.47,7,95
235452,92.46,7,95
235576,92.47,7,95
235701,92.46,7,95
235826,92.49,7,95
235951,92.56,7,95
236076,92.55,7,95
236200,92.55,7,95
236325,92.81,7,95
236450,92.91,7,95
236575,92.76,7,95
236699,92.72,7,95
236824,92.64,7,95
236949,92.75,7,95
237074,92.92,7,95
237199,92.64,7,95
237324,92.77,7,95
237449,92.73,7,95
237574,92.65,7,95
237699,92.58,7,95
237824,92.75,7,95
237948,92.56,7,95
238073,92.67,7,95
238198,92.3,7,95
238323,92.18,7,95
238447,92.23,7,95
238572,92.59,7,95
238697,92.74,7,95
238822,92.74,7,95
238947,92.74,7,95
239072,92.66,7,95
239197,92.61,7,95
239322,92.55,7,95
239447,92.54,7,95
239571,92.71,7,95
239696,93.05,7,95
239821,93.06,7,95
239946,92.8,7,95
240071,92.76,7,95
240196,92.76,7,95
240321,92.7,7,95
240446,92.66,7,95
240571,92.61,7,95
240696,92.56,7,95
240820,92.5,7,95
240945,92.32,7,95
241070,92.32,7,95
241195,92.42,7,95
241319,92.47,7,95
241444,92.49,7,95
241568,92.52,7,95
241693,92.48,7,95
241818,92.5,7,95
241943,92.55,7,95
242068,92.64,7,95
242193,92.78,7,95
242318,92.83,7,95
242443,92.8,7,95
242568,92.81,7,95
242693,92.8,7,95
242818,92.91,7,95
242942,92.82,7,95
243067,92.82,7,95
243192,92.83,7,95
243317,92.79,7,95
243442,92.78,7,95
243567,92.76,7,95
243692,92.77,7,95
243817,92.69,7,95
243942,92.7,7,95
244067,92.66,7,95
244192,92.71,7,95
244316,92.73,7,95
244441,92.74,7,95
244566,92.72,7,95
244690,92.74,7,95
244815,92.71,7,95
244940,92.67,7,95
245065,92.74,7,95
245190,92.71,7,95
245315,92.69,7,95
245440,92.67,7,95
245565,92.63,7,95
245690,92.57,7,95
245815,92.56,7,95
245940,92.6,7,95
246065,92.65,7,95
246189,92.72,7,95
246313,92.76,7,95
246438,92.78,7,95
246563,92.82,7,95
246688,93.0,7,95
246813,92.99,7,95
246938,92.97,7,95
247064,92.8,7,95
247189,92.73,7,95
247314,92.72,7,95
247439,92.68,7,95
247563,92.73,7,95
247688,92.76,7,95
247813,92.83,7,95
247938,92.82,7,95
248062,92.99,7,95
248187,93.01,7,95
248312,92.92,7,95
248437,92.86,7,95
248562,92.83,7,95
248687,93.07,7,95
248813,93.43,7,95
248938,93.43,7,95
249063,93.5,7,95
249188,93.5,7,95
249313,93.55,7,95
249439,93.65,7,95
249564,93.62,7,95
249689,93.61,7,95
249815,93.41,7,95
249939,93.4,7,95
250064,93.3,7,95
250189,93.58,7,95
250315,93.53,7,95
250440,93.63,7,95
250565,93.62,7,95
250690,93.67,7,95
250816,93.72,7,95
250941,93.83,7,95
251066,93.72,7,95
251192,93.74,7,95
251317,93.87,7,95
251443,93.82,7,95
251568,93.96,7,95
251693,93.83,7,95
251819,93.87,7,95
251943,93.85,7,95
252069,93.84,7,95
252194,93.8,7,95
252319,93.9,7,95
252445,93.72,7,95
252570,94.17,7,95
252696,94.1,7,95
252821,93.9,7,95
252947,94.09,7,95
253072,94.21,7,95
253198,94.25,7,95
253323,94.37,7,95
253449,94.67,7,95
253575,94.45,7,95
253700,94.2,7,95
